firstname,lastname,email
Valeriya,Sherstiuk,shervard99@gmail.com
Kira,Piatikop,pyatikop.kira@gmail.-com
Larine,Camden,Larine.Camden@yopmail.-com
Alia,Bonilla,Alia.Bonilla@yopmail.-com
Hannis,Tomasina,Hannis.Tomasina@yopmail.-com
Ana,Edvard,Ana.Edvard@yopmail.-com
Florie,Libna,Florie.Libna@yopmail.-com
Beth,Colbert,Beth.Colbert@yopmail.-com
Grier,Garlinda,Grier.Garlinda@yopmail.-com
Winny,Narton,Winny.Narton@yopmail.-com
Dulce,Hurley,Dulce.Hurley@yopmail.-com
Merrie,Harl,Merrie.Harl@yopmail.-com